﻿<ApressBooks xmlns:od="urn:schemas-microsoft-com:officedata" xmlns:xsi="http://www.w3.org/2001/XMLSchema-instance">
  <ApressBook>
    <ID>1</ID>
    <ISBN>1-59059-724-9</ISBN>
    <Author>Paul Sarknas</Author>
    <Title>Pro ASP.NET 2.0 E-Commerce in C 2005</Title>
    <Description>Pro ASP.NET 2.0 E-Commerce in C 2005 takes you through the e-commerce web application development cycle, from conception to coding to deployment and maintenance. To portray real-world challenges, the book features a case study of a fictional company. After design and development are complete, the authors focus on utilizing the best deployment methods for maintaining the application and allowing maximum scalability.</Description>
    <DatePublished>2006-12-15T00:00:00</DatePublished>
    <NumPages>640</NumPages>
    <Price>$59.99</Price>
  </ApressBook>
  <ApressBook>
    <ID>2</ID>
    <ISBN>1-59059-760-5</ISBN>
    <Author>Laurence Moroney</Author>
    <Title>Foundations of WPF: An Introduction to Windows Presentation Foundation</Title>
    <Description>
      Foundations of WPF: An Introduction to Windows Presentation Foundation teaches you everything you need to get started with WPF technology. The book is broken into three parts. The first introduces and contextualizes the WPF technology. The next part dives deeper into the facets of the technology that are of immediate and valuable use in developing applications. The last part offers you the real-world perspective you need to be productive in the community and customer base.

      LINQ for Visual C 2005 is a short yet comprehensive guide to the major features of LINQ. It thoroughly covers LINQ to Objects, LINQ to SQL, LINQ to DataSet, and LINQ to XML. It also details significant enhancements to the next versions of C, .NET, and ADO.NET. The book also includes plenty of working examples to demonstrate LINQ in action. There is no better source than this book for getting a head start on the future of these technologies.
    </Description>
    <DatePublished>2006-11-15T00:00:00</DatePublished>
    <NumPages>344</NumPages>
    <Price>$39.99</Price>
  </ApressBook>
  <ApressBook>
    <ID>3</ID>
    <ISBN>1-59059-699-4</ISBN>
    <Author>
      George Dunphy
      Ahmed Metwally
    </Author>
    <Title>Pro BizTalk 2006</Title>
    <Description>Pro BizTalk 2006 is a high-end resource that is based on real feedback from BizTalk developers. Authors George Dunphy and Ahmed Metwally are well known within the BizTalk community, and here they cover topics not discussed in other books, like performance tuning, scalability, and administration. This book also features examples of specific, real-world implementations.</Description>
    <DatePublished>2006-10-15T00:00:00</DatePublished>
    <NumPages>528</NumPages>
    <Price>$49.99</Price>
  </ApressBook>
  <ApressBook>
    <ID>4</ID>
    <ISBN>1-59059-647-1</ISBN>
    <Author>Laurence Moroney</Author>
    <Title>Foundations of Atlas: Rapid Ajax Development with ASP.NET 2.0</Title>
    <Description>
      This book introduces a fast-track path to understanding Atlas, and how this technology can increase the power and functionality of your code while conserving time and effort. The book begins with a bare-bones introduction that explains how Atlas relates to Ajax.

      Microsoft Atlas is a web-client framework that makes building Ajax-style applications easier. It provides a prewritten framework that gives you a structured environment in which to work. Atlas also provides you with an object model and standardized debugging to make development faster and simpler.
    </Description>
    <DatePublished>2006-05-15T00:00:00</DatePublished>
    <NumPages>336</NumPages>
    <Price>$39.99</Price>
  </ApressBook>
  <ApressBook>
    <ID>5</ID>
    <ISBN>1-59059-460-6</ISBN>
    <Author>Jeff Levinson and David Nelson</Author>
    <Title>Pro Visual Studio 2005 Team System</Title>
    <Description>It is clear that Visual Studio Team System is the future of development from Microsoft&apos;s perspective. We agree. Development is no longer a personal pursuit by one developer in a darkened room; it is a collective effort by a team of peers. VSTS supports this broader vision by providing a complete collaboration platform for the entire project team. VSTS takes a services-oriented approach leveraging Windows Sharepoint Services and SQL Server Business Intelligence Suite. Additionally, VSTS brings the lifecycle to life by making it part of the integrated suite.</Description>
    <DatePublished>2006-05-15T00:00:00</DatePublished>
    <NumPages>544</NumPages>
    <Price>$49.99</Price>
  </ApressBook>
  <ApressBook>
    <ID>6</ID>
    <ISBN>1-59059-480-0</ISBN>
    <Author>Greg Pearman and James Goodwill</Author>
    <Title>Pro .NET 2.0 Extreme Programming</Title>
    <Description>While other Extreme Programming books are usually theoretical in approach, this book steers you through the practical application of Extreme Programming with code-level solutions. So if you’re currently a .NET 1.1 (or future .NET 2.0) developer, and need to put XP into practice—pick up this book.</Description>
    <DatePublished>2006-06-15T00:00:00</DatePublished>
    <NumPages>344</NumPages>
    <Price>$39.99</Price>
  </ApressBook>
  <ApressBook>
    <ID>7</ID>
    <ISBN>1-59059-663-3</ISBN>
    <Author> Dr. James McCaffrey</Author>
    <Title>.NET Test Automation Recipes: A Problem-Solution Approach</Title>
    <Description>If you develop, test, or manage .NET software, you will find .NET Test Automation Recipes: A Problem-Solution Approach very useful. The book presents practical techniques for writing lightweight software test automation in a .NET environment and covers API testing thoroughly. It also discusses lightweight, custom Windows application UI automation and teaches you low-level web application UI automation. Additional material covers SQL stored procedure testing techniques.</Description>
    <DatePublished>2006-05-15T00:00:00</DatePublished>
    <NumPages>408</NumPages>
    <Price>$49.99</Price>
  </ApressBook>
  <ApressBook>
    <ID>8</ID>
    <ISBN>1-59059-652-8</ISBN>
    <Author>
      Sayed Y. Hashimi
      Sayed Ibrahim and Hashimi
    </Author>
    <Title>Deploying .NET Applications: Learning MSBuild and ClickOnce</Title>
    <Description>Whether building a console application, a web service, or a smart client, you eventually need to distribute your finished work. Deploying .NET Applications is a complete guide to delivering applications built with .NET. Packed with hands-on guidance, practical examples, and war stories from the authors’ many experiences with deployment scenarios, this book provides everything you need to know.</Description>
    <DatePublished>2006-05-15T00:00:00</DatePublished>
    <NumPages>280</NumPages>
    <Price>$39.99</Price>
  </ApressBook>
  <ApressBook>
    <ID>9</ID>
    <ISBN>1-59059-578-5</ISBN>
    <Author>Andrew Troelsen</Author>
    <Title>Pro VB 2005 and the .NET 2.0 Platform, Second Edition</Title>
    <Description>With the release of .NET 2.0, the Visual Basic 2005 language has been updated with numerous new programming constructs (XML code documentation, operator overloading, generics, and partial types just to name a few!). Now more than ever, choosing a .NET language boils down to personal preference (rather than a language’s feature set).</Description>
    <DatePublished>2006-04-15T00:00:00</DatePublished>
    <NumPages>1088</NumPages>
    <Price>$59.99</Price>
  </ApressBook>
  <ApressBook>
    <ID>10</ID>
    <ISBN>1-59059-777-X</ISBN>
    <Author>
      Scott Allen
      Syed Fahad Gilani
      James Huddleston
      Jacob Hammer Pedersen
      Ranga Raghuram
      Jon Reid
    </Author>
    <Title>Beginning C 2005 Databases: From Novice to Professional</Title>
    <Description>Beginning C 2005 Databases: From Novice to Professional teaches you everything you need to know about relational databases, the SQL database language, and ADO.NET 2.0. You’ll also get a sound start in developing console, Windows Forms, ASP.NET, and even XML database applications.</Description>
    <DatePublished>2006-12-15T00:00:00</DatePublished>
    <NumPages>528</NumPages>
    <Price>$39.99</Price>
  </ApressBook>
  <ApressBook>
    <ID>11</ID>
    <ISBN>1-59059-414-2</ISBN>
    <Author>Gary Cornell and Matthew MacDonald</Author>
    <Title>
      Beginning VB .NET Programming: From Novice to Professional
      Beginning VB .NET Programming: From Novice to Professional
    </Title>
    <Description>Even if you have just a little background in programming, or you are a relatively inexperienced programmer and wish to move away from language unsupportive of object-oriented programming techniques—this book will suit you! The text is relevant to Framework issue 1.1, and applicable for readers with VS .NET or VB .NET Standard Edition.</Description>
    <DatePublished>2006-10-15T00:00:00</DatePublished>
    <NumPages>650</NumPages>
    <Price>$39.99</Price>
  </ApressBook>
  <ApressBook>
    <ID>12</ID>
    <ISBN>1-59059-744-3</ISBN>
    <Author>Christian Gross</Author>
    <Title>How to Code .NET: Tips and Tricks for Coding .NET 1.1 and .NET 2.0 Applications Effectively</Title>
    <Description>How to Code .NET: Tips and Tricks for Coding .NET 1.1 and .NET 2.0 Applications Effectively provides solutions to certain problems. That is, specific problems. This book provides detailed, authoritative explanations of good .NET coding techniques. It’s based on award-winning material that author Christian Gross has previously presented at conferences throughout the US and Europe. What’s more, the author is at the forefront of the .NET technology wave and an acknowledged expert on the subject of .NET coding style and techniques.</Description>
    <DatePublished>2006-10-15T00:00:00</DatePublished>
    <NumPages>232</NumPages>
    <Price>$29.99</Price>
  </ApressBook>
  <ApressBook>
    <ID>14</ID>
    <ISBN>1-59059-776-1</ISBN>
    <Author>Laurence Moroney and Matthew MacDonald (Ed.)</Author>
    <Title>Pro ASP.NET 2.0 in VB 2005</Title>
    <Description>Welcome to Pro ASP.NET 2.0 in VB 2005, Special Edition. In this book, you’ll learn how ASP.NET 2.0 really works. You won’t be bored with a rehash of the VB 2005 language—instead, you’ll get the hard-won practical advice that you need to build sophisticated, scalable websites. New features are clearly identified, so if you’ve programmed with a previous version of ASP.NET you’ll sail through the basics and get right to the most important changes and enhancements.</Description>
    <DatePublished>2006-09-15T00:00:00</DatePublished>
    <NumPages>1360</NumPages>
    <Price>$64.99</Price>
  </ApressBook>
  <ApressBook>
    <ID>15</ID>
    <ISBN>1-59059-768-0</ISBN>
    <Author>Matthew MacDonald and Mario Szpuszta</Author>
    <Title>Pro ASP.NET 2.0 in C 2005, Special Edition</Title>
    <Description>Welcome to Pro ASP.NET 2.0 in C 2005, Special Edition. In this book, you’ll learn how ASP.NET 2.0 really works. You won’t be bored with a rehash of the C language—instead, you’ll get the hard-won practical advice that you need to build sophisticated, scalable websites. New features are clearly identified, so if you’ve programmed with a previous version of ASP.NET you’ll sail through the basics and get right to the most important changes and enhancements.</Description>
    <DatePublished>2006-09-15T00:00:00</DatePublished>
    <NumPages>1464</NumPages>
    <Price>$64.99</Price>
  </ApressBook>
  <ApressBook>
    <ID>16</ID>
    <ISBN>1-59059-646-3</ISBN>
    <Author>Serge Lidin</Author>
    <Title>.NET  Expert .NET 2.0 IL Assembler</Title>
    <Description>Expert .NET 2.0 IL Assember drills down into the internal structures and operations of the .NET common language runtime and teaches you how to master the IL assembly language, ILAsm. (The rule of thumb is that if the runtime can do it, ILAsm must be able to express it.) This book is ideal if you’re a compiler and tool developer, a developer working on multilanguage .NET projects, or if you just want to develop tighter, faster code for .NET Framework.</Description>
    <DatePublished>2006-08-15T00:00:00</DatePublished>
    <NumPages>536</NumPages>
    <Price>$536</Price>
  </ApressBook>
  <ApressBook>
    <ID>17</ID>
    <ISBN>1-59059-694-3</ISBN>
    <Author>Matthew MacDonald</Author>
    <Title>Pro .NET 2.0 Windows Forms and Custom Controls in VB 2005</Title>
    <Description>Pro .NET 2.0 Windows Forms and Custom Controls in VB 2005 is the VB 2005 version of the author’s best-selling and highly-reviewed Pro .NET 2.0 Windows Forms and Custom Controls in C. Renowned author Matthew MacDonald shows you VB 2005 programmers how to design flexible, user-friendly Windows interfaces. And you’ll learn the best practices and design tips for coding these user interfaces.</Description>
    <DatePublished>2006-08-15T00:00:00</DatePublished>
    <NumPages>1080</NumPages>
    <Price>$49.99</Price>
  </ApressBook>
  <ApressBook>
    <ID>18</ID>
    <ISBN>1-59059-670-6</ISBN>
    <Author>Daniel Woolston</Author>
    <Title>Pro Ajax and the .NET 2.0 Platform</Title>
    <Description>There are a few class libraries recently distributed that open the Ajax door to the .NET Framework 2.0. This book examines how the Ajax technology and the .NET Framework can work in tandem. It thoroughly covers the XMLHTTPRequest processes and the .NET 2.0 class libraries, and shows you how to turn theory into practice and concepts into code, with samples that duplicate many new web technologies. With the knowledge you gain from this book, you’ll be ready to put this asynchronous technology to work.</Description>
    <DatePublished>2006-07-15T00:00:00</DatePublished>
    <NumPages>488</NumPages>
    <Price>$49.99</Price>
  </ApressBook>
  <ApressBook>
    <ID>19</ID>
    <ISBN>1-59059-665-X</ISBN>
    <Author>Gunther Lenz and Christoph Wienands</Author>
    <Title>Practical Software Factories in .NET</Title>
    <Description>The promise of Software Factories is to streamline and automate software development-and thus to produce higher-quality software more efficiently. The key idea is to promote systematic reuse at all levels and exploit economies of scope, which translates into concrete savings in planning, development, and maintenance efforts. However, the theory behind Software Factories can be overwhelming, because it spans many disciplines of software development. On top of that, Software Factories typically require significant investments into reusable assets.</Description>
    <DatePublished>2006-07-15T00:00:00</DatePublished>
    <NumPages>240</NumPages>
    <Price>$49.99</Price>
  </ApressBook>
  <ApressBook>
    <ID>20</ID>
    <ISBN>1-59059-682-X</ISBN>
    <Author>Steve Shrimpton</Author>
    <Title>Pro Visual Studio 2005 Team System Application Development</Title>
    <Description>Pro Visual Studio 2005 Team System Application Development brings Visual Studio 2005 Team System to life. You’ll learn how to effectively use Team System to develop new functionality for large distributed systems. The book accomplishes this not just by describing the Team System features, but also by leading you through a fictitious, though realistic, project.</Description>
    <DatePublished>2006-08-15T00:00:00</DatePublished>
    <NumPages>792</NumPages>
    <Price>$49.99</Price>
  </ApressBook>
</ApressBooks>
