﻿<?xml version="1.0" encoding="utf-8" ?>
<MediaLocations>
  <MediaLocation>
    <Description>Random Loop</Description>
    <Uri>mms://dc7600:43000/LiveMedia</Uri>
    <ImageUri>
      http://localhost/SLBook/Ch08_RichMedia/Media/AdrenalineRush_Thumb.jpg
    </ImageUri>
  </MediaLocation>
  <MediaLocation>
    <Description>SSPL Broadcast</Description>
    <Uri>mms://dc7600:43000/SSPLBroadcast</Uri>
    <ImageUri>
      http://localhost/SLBook/Ch08_RichMedia/Media/AdrenalineRush_Thumb.jpg
    </ImageUri>
  </MediaLocation>
</MediaLocations>

