﻿<?xml version="1.0" encoding="utf-8" ?>
<Medias>
  <Media
    Id="http://localhost/SLBook/Ch08_RichMedia/Media/Amazon_1080_WithMarkers.wmv">
    <Marker Value="FirstMarker">
      <![CDATA[
      <Canvas  xmlns="http://schemas.microsoft.com/winfx/2006/xaml/presentation" 
    xmlns:x="http://schemas.microsoft.com/winfx/2006/xaml" Height="Auto"
    HorizontalAlignment="Stretch" Margin="0,0,0,0" 
    VerticalAlignment="Stretch" Width="Auto" 
    Grid.Column="1" Grid.Row="1" x:Name="overlay">  
    <Canvas.Resources>
    <Storyboard x:Name="STBD_AnimateCaption">
      <DoubleAnimationUsingKeyFrames BeginTime="00:00:00" 
      Storyboard.TargetName="textBlock"
      Storyboard.TargetProperty="(UIElement.Opacity)">
        <LinearDoubleKeyFrame KeyTime="00:00:01" Value="1"/>
        <LinearDoubleKeyFrame KeyTime="00:00:04" Value="1"/>
        <SplineDoubleKeyFrame KeyTime="00:00:05" Value="0"/>
      </DoubleAnimationUsingKeyFrames>
      <DoubleAnimationUsingKeyFrames BeginTime="00:00:00"
      Storyboard.TargetName="textBlock"
      Storyboard.TargetProperty="(Canvas.Left)">
        <SplineDoubleKeyFrame KeyTime="00:00:01" Value="375"/>
        <SplineDoubleKeyFrame KeyTime="00:00:02" Value="375"/>
        <SplineDoubleKeyFrame KeyTime="00:00:03" Value="375"/>
        <SplineDoubleKeyFrame KeyTime="00:00:04" Value="375"/>
        <SplineDoubleKeyFrame KeyTime="00:00:05" Value="0"/>
      </DoubleAnimationUsingKeyFrames>
      <DoubleAnimationUsingKeyFrames BeginTime="00:00:00" 
      Storyboard.TargetName="textBlock" 
      Storyboard.TargetProperty="(Canvas.Top)">
        <SplineDoubleKeyFrame KeyTime="00:00:01" Value="35"/>
        <SplineDoubleKeyFrame KeyTime="00:00:02" Value="35"/>
        <SplineDoubleKeyFrame KeyTime="00:00:03" Value="35"/>
        <SplineDoubleKeyFrame KeyTime="00:00:04" Value="35"/>
        <SplineDoubleKeyFrame KeyTime="00:00:05" Value="0"/>
      </DoubleAnimationUsingKeyFrames>
    </Storyboard>
  </Canvas.Resources>
  <TextBlock x:Name="textBlock" 
  Opacity="0" FontFamily="Portable User Interface" FontSize="24" 
  FontWeight="Bold" Foreground="#FFFFFDFD" Text="Beautiful Sunset"
  TextAlignment="Right" TextWrapping="Wrap" HorizontalAlignment="Left"
  VerticalAlignment="Top"/>
    </Canvas>]]>
    </Marker>
    <Marker Value="SecondMarker">
      <![CDATA[<Canvas  xmlns="http://schemas.microsoft.com/winfx/2006/xaml/presentation" 
    xmlns:x="http://schemas.microsoft.com/winfx/2006/xaml" Height="Auto"
    HorizontalAlignment="Stretch" Margin="0,0,0,0" 
    VerticalAlignment="Stretch" Width="Auto" 
    Grid.Column="1" Grid.Row="1" x:Name="overlay">  
    <Canvas.Resources>
    <Storyboard x:Name="STBD_AnimateCaption">
      <DoubleAnimationUsingKeyFrames BeginTime="00:00:00" 
      Storyboard.TargetName="textBlock"
      Storyboard.TargetProperty="(UIElement.Opacity)">
        <LinearDoubleKeyFrame KeyTime="00:00:01" Value="1"/>
        <LinearDoubleKeyFrame KeyTime="00:00:04" Value="1"/>
        <SplineDoubleKeyFrame KeyTime="00:00:05" Value="0"/>
      </DoubleAnimationUsingKeyFrames>
      <DoubleAnimationUsingKeyFrames BeginTime="00:00:00"
      Storyboard.TargetName="textBlock"
      Storyboard.TargetProperty="(Canvas.Left)">
        <SplineDoubleKeyFrame KeyTime="00:00:01" Value="375"/>
        <SplineDoubleKeyFrame KeyTime="00:00:02" Value="375"/>
        <SplineDoubleKeyFrame KeyTime="00:00:03" Value="375"/>
        <SplineDoubleKeyFrame KeyTime="00:00:04" Value="375"/>
        <SplineDoubleKeyFrame KeyTime="00:00:05" Value="0"/>
      </DoubleAnimationUsingKeyFrames>
      <DoubleAnimationUsingKeyFrames BeginTime="00:00:00" 
      Storyboard.TargetName="textBlock" 
      Storyboard.TargetProperty="(Canvas.Top)">
        <SplineDoubleKeyFrame KeyTime="00:00:01" Value="35"/>
        <SplineDoubleKeyFrame KeyTime="00:00:02" Value="35"/>
        <SplineDoubleKeyFrame KeyTime="00:00:03" Value="35"/>
        <SplineDoubleKeyFrame KeyTime="00:00:04" Value="35"/>
        <SplineDoubleKeyFrame KeyTime="00:00:05" Value="0"/>
      </DoubleAnimationUsingKeyFrames>
    </Storyboard>
  </Canvas.Resources>
  <TextBlock x:Name="textBlock" 
  Opacity="0" FontFamily="Portable User Interface" FontSize="24" 
  FontWeight="Bold" Foreground="#FFFFFDFD" Text="Is that a Leopard?"
  TextAlignment="Right" TextWrapping="Wrap" HorizontalAlignment="Left"
  VerticalAlignment="Top"/>
    </Canvas>]]>
    </Marker>
    <Marker Value="ThirdMarker">
      <![CDATA[<Canvas   xmlns="http://schemas.microsoft.com/winfx/2006/xaml/presentation" 
    xmlns:x="http://schemas.microsoft.com/winfx/2006/xaml" Height="Auto" HorizontalAlignment="Stretch" Margin="0,0,0,0" VerticalAlignment="Stretch" Width="Auto" Grid.Column="1" Grid.Row="1" x:Name="overlay">
  <Canvas.Resources>
    <Storyboard x:Name="STBD_AnimateCaption">
      <DoubleAnimationUsingKeyFrames BeginTime="00:00:00" Storyboard.TargetName="textBlock" Storyboard.TargetProperty="(UIElement.Opacity)">
        <LinearDoubleKeyFrame KeyTime="00:00:01" Value="1"/>
        <LinearDoubleKeyFrame KeyTime="00:00:04" Value="1"/>
        <SplineDoubleKeyFrame KeyTime="00:00:05" Value="0"/>
      </DoubleAnimationUsingKeyFrames>
      <DoubleAnimationUsingKeyFrames BeginTime="00:00:00" Storyboard.TargetName="textBlock" Storyboard.TargetProperty="(Canvas.Left)">
        <SplineDoubleKeyFrame KeyTime="00:00:01" Value="375"/>
        <SplineDoubleKeyFrame KeyTime="00:00:02" Value="375"/>
        <SplineDoubleKeyFrame KeyTime="00:00:03" Value="375"/>
        <SplineDoubleKeyFrame KeyTime="00:00:04" Value="375"/>
        <SplineDoubleKeyFrame KeyTime="00:00:05" Value="0"/>
      </DoubleAnimationUsingKeyFrames>
      <DoubleAnimationUsingKeyFrames BeginTime="00:00:00" Storyboard.TargetName="textBlock" Storyboard.TargetProperty="(Canvas.Top)">
        <SplineDoubleKeyFrame KeyTime="00:00:01" Value="35"/>
        <SplineDoubleKeyFrame KeyTime="00:00:02" Value="35"/>
        <SplineDoubleKeyFrame KeyTime="00:00:03" Value="35"/>
        <SplineDoubleKeyFrame KeyTime="00:00:04" Value="35"/>
        <SplineDoubleKeyFrame KeyTime="00:00:05" Value="0"/>
      </DoubleAnimationUsingKeyFrames>
    </Storyboard>
  </Canvas.Resources>
  <TextBlock x:Name="textBlock" Opacity="0" FontFamily="Portable User Interface" FontSize="24" FontWeight="Bold" Foreground="#FFFFFDFD" Text="Looks like a monkey" TextAlignment="Right" TextWrapping="Wrap" HorizontalAlignment="Left" VerticalAlignment="Top"/>
</Canvas>]]>
    </Marker>
    <Marker Value="FourthMarker">
      <![CDATA[<Canvas  xmlns="http://schemas.microsoft.com/winfx/2006/xaml/presentation" 
    xmlns:x="http://schemas.microsoft.com/winfx/2006/xaml"  Height="Auto" HorizontalAlignment="Stretch" Margin="0,0,0,0" VerticalAlignment="Stretch" Width="Auto" Grid.Column="1" Grid.Row="1" x:Name="overlay">
  <Canvas.Resources>
    <Storyboard x:Name="STBD_AnimateCaption">
      <DoubleAnimationUsingKeyFrames BeginTime="00:00:00" Storyboard.TargetName="textBlock" Storyboard.TargetProperty="(UIElement.Opacity)">
        <LinearDoubleKeyFrame KeyTime="00:00:01" Value="1"/>
        <LinearDoubleKeyFrame KeyTime="00:00:04" Value="1"/>
        <SplineDoubleKeyFrame KeyTime="00:00:05" Value="0"/>
      </DoubleAnimationUsingKeyFrames>
      <DoubleAnimationUsingKeyFrames BeginTime="00:00:00" Storyboard.TargetName="textBlock" Storyboard.TargetProperty="(Canvas.Left)">
        <SplineDoubleKeyFrame KeyTime="00:00:01" Value="375"/>
        <SplineDoubleKeyFrame KeyTime="00:00:02" Value="375"/>
        <SplineDoubleKeyFrame KeyTime="00:00:03" Value="375"/>
        <SplineDoubleKeyFrame KeyTime="00:00:04" Value="375"/>
        <SplineDoubleKeyFrame KeyTime="00:00:05" Value="0"/>
      </DoubleAnimationUsingKeyFrames>
      <DoubleAnimationUsingKeyFrames BeginTime="00:00:00" Storyboard.TargetName="textBlock" Storyboard.TargetProperty="(Canvas.Top)">
        <SplineDoubleKeyFrame KeyTime="00:00:01" Value="35"/>
        <SplineDoubleKeyFrame KeyTime="00:00:02" Value="35"/>
        <SplineDoubleKeyFrame KeyTime="00:00:03" Value="35"/>
        <SplineDoubleKeyFrame KeyTime="00:00:04" Value="35"/>
        <SplineDoubleKeyFrame KeyTime="00:00:05" Value="0"/>
      </DoubleAnimationUsingKeyFrames>
    </Storyboard>
  </Canvas.Resources>
  <TextBlock x:Name="textBlock" Opacity="0" FontFamily="Portable User Interface" FontSize="24" FontWeight="Bold" Foreground="#FFFFFDFD" Text="Big fish !!" TextAlignment="Right" TextWrapping="Wrap" HorizontalAlignment="Left" VerticalAlignment="Top"/>
</Canvas>]]>
    </Marker>
    <Marker Value="FifthMarker">
      <![CDATA[<Canvas  xmlns="http://schemas.microsoft.com/winfx/2006/xaml/presentation" 
    xmlns:x="http://schemas.microsoft.com/winfx/2006/xaml"  Height="Auto" HorizontalAlignment="Stretch" Margin="0,0,0,0" VerticalAlignment="Stretch" Width="Auto" Grid.Column="1" Grid.Row="1" x:Name="overlay">
  <Canvas.Resources>
    <Storyboard x:Name="STBD_AnimateCaption">
      <DoubleAnimationUsingKeyFrames BeginTime="00:00:00" Storyboard.TargetName="textBlock" Storyboard.TargetProperty="(UIElement.Opacity)">
        <LinearDoubleKeyFrame KeyTime="00:00:01" Value="1"/>
        <LinearDoubleKeyFrame KeyTime="00:00:04" Value="1"/>
        <SplineDoubleKeyFrame KeyTime="00:00:05" Value="0"/>
      </DoubleAnimationUsingKeyFrames>
      <DoubleAnimationUsingKeyFrames BeginTime="00:00:00" Storyboard.TargetName="textBlock" Storyboard.TargetProperty="(Canvas.Left)">
        <SplineDoubleKeyFrame KeyTime="00:00:01" Value="375"/>
        <SplineDoubleKeyFrame KeyTime="00:00:02" Value="375"/>
        <SplineDoubleKeyFrame KeyTime="00:00:03" Value="375"/>
        <SplineDoubleKeyFrame KeyTime="00:00:04" Value="375"/>
        <SplineDoubleKeyFrame KeyTime="00:00:05" Value="0"/>
      </DoubleAnimationUsingKeyFrames>
      <DoubleAnimationUsingKeyFrames BeginTime="00:00:00" Storyboard.TargetName="textBlock" Storyboard.TargetProperty="(Canvas.Top)">
        <SplineDoubleKeyFrame KeyTime="00:00:01" Value="35"/>
        <SplineDoubleKeyFrame KeyTime="00:00:02" Value="35"/>
        <SplineDoubleKeyFrame KeyTime="00:00:03" Value="35"/>
        <SplineDoubleKeyFrame KeyTime="00:00:04" Value="35"/>
        <SplineDoubleKeyFrame KeyTime="00:00:05" Value="0"/>
      </DoubleAnimationUsingKeyFrames>
    </Storyboard>
  </Canvas.Resources>
  <TextBlock x:Name="textBlock" Opacity="0" FontFamily="Portable User Interface" FontSize="24" FontWeight="Bold" Foreground="#FFFFFDFD" Text="A human at last" TextAlignment="Right" TextWrapping="Wrap" HorizontalAlignment="Left" VerticalAlignment="Top"/>
</Canvas>]]>
    </Marker>
    <Marker Value="SixthMarker">
      <![CDATA[<Canvas  xmlns="http://schemas.microsoft.com/winfx/2006/xaml/presentation" 
    xmlns:x="http://schemas.microsoft.com/winfx/2006/xaml"  Height="Auto" HorizontalAlignment="Stretch" Margin="0,0,0,0" VerticalAlignment="Stretch" Width="Auto" Grid.Column="1" Grid.Row="1" x:Name="overlay">
  <Canvas.Resources>
    <Storyboard x:Name="STBD_AnimateCaption">
      <DoubleAnimationUsingKeyFrames BeginTime="00:00:00" Storyboard.TargetName="textBlock" Storyboard.TargetProperty="(UIElement.Opacity)">
        <LinearDoubleKeyFrame KeyTime="00:00:01" Value="1"/>
        <LinearDoubleKeyFrame KeyTime="00:00:04" Value="1"/>
        <SplineDoubleKeyFrame KeyTime="00:00:05" Value="0"/>
      </DoubleAnimationUsingKeyFrames>
      <DoubleAnimationUsingKeyFrames BeginTime="00:00:00" Storyboard.TargetName="textBlock" Storyboard.TargetProperty="(Canvas.Left)">
        <SplineDoubleKeyFrame KeyTime="00:00:01" Value="375"/>
        <SplineDoubleKeyFrame KeyTime="00:00:02" Value="375"/>
        <SplineDoubleKeyFrame KeyTime="00:00:03" Value="375"/>
        <SplineDoubleKeyFrame KeyTime="00:00:04" Value="375"/>
        <SplineDoubleKeyFrame KeyTime="00:00:05" Value="0"/>
      </DoubleAnimationUsingKeyFrames>
      <DoubleAnimationUsingKeyFrames BeginTime="00:00:00" Storyboard.TargetName="textBlock" Storyboard.TargetProperty="(Canvas.Top)">
        <SplineDoubleKeyFrame KeyTime="00:00:01" Value="35"/>
        <SplineDoubleKeyFrame KeyTime="00:00:02" Value="35"/>
        <SplineDoubleKeyFrame KeyTime="00:00:03" Value="35"/>
        <SplineDoubleKeyFrame KeyTime="00:00:04" Value="35"/>
        <SplineDoubleKeyFrame KeyTime="00:00:05" Value="0"/>
      </DoubleAnimationUsingKeyFrames>
    </Storyboard>
  </Canvas.Resources>
  <TextBlock x:Name="textBlock" Opacity="0" FontFamily="Portable User Interface" FontSize="24" FontWeight="Bold" Foreground="#FFFFFDFD" Text="Spectacular !!" TextAlignment="Right" TextWrapping="Wrap" HorizontalAlignment="Left" VerticalAlignment="Top"/>
</Canvas>]]>
    </Marker>
    <Marker Value="SeventhMarker">
      <![CDATA[<Canvas  xmlns="http://schemas.microsoft.com/winfx/2006/xaml/presentation" 
    xmlns:x="http://schemas.microsoft.com/winfx/2006/xaml"  Height="Auto" HorizontalAlignment="Stretch" Margin="0,0,0,0" VerticalAlignment="Stretch" Width="Auto" Grid.Column="1" Grid.Row="1" x:Name="overlay">
  <Canvas.Resources>
    <Storyboard x:Name="STBD_AnimateCaption">
      <DoubleAnimationUsingKeyFrames BeginTime="00:00:00" Storyboard.TargetName="textBlock" Storyboard.TargetProperty="(UIElement.Opacity)">
        <LinearDoubleKeyFrame KeyTime="00:00:01" Value="1"/>
        <LinearDoubleKeyFrame KeyTime="00:00:04" Value="1"/>
        <SplineDoubleKeyFrame KeyTime="00:00:05" Value="0"/>
      </DoubleAnimationUsingKeyFrames>
      <DoubleAnimationUsingKeyFrames BeginTime="00:00:00" Storyboard.TargetName="textBlock" Storyboard.TargetProperty="(Canvas.Left)">
        <SplineDoubleKeyFrame KeyTime="00:00:01" Value="375"/>
        <SplineDoubleKeyFrame KeyTime="00:00:02" Value="375"/>
        <SplineDoubleKeyFrame KeyTime="00:00:03" Value="375"/>
        <SplineDoubleKeyFrame KeyTime="00:00:04" Value="375"/>
        <SplineDoubleKeyFrame KeyTime="00:00:05" Value="0"/>
      </DoubleAnimationUsingKeyFrames>
      <DoubleAnimationUsingKeyFrames BeginTime="00:00:00" Storyboard.TargetName="textBlock" Storyboard.TargetProperty="(Canvas.Top)">
        <SplineDoubleKeyFrame KeyTime="00:00:01" Value="35"/>
        <SplineDoubleKeyFrame KeyTime="00:00:02" Value="35"/>
        <SplineDoubleKeyFrame KeyTime="00:00:03" Value="35"/>
        <SplineDoubleKeyFrame KeyTime="00:00:04" Value="35"/>
        <SplineDoubleKeyFrame KeyTime="00:00:05" Value="0"/>
      </DoubleAnimationUsingKeyFrames>
    </Storyboard>
  </Canvas.Resources>
  <TextBlock x:Name="textBlock" Opacity="0" FontFamily="Portable User Interface" FontSize="24" FontWeight="Bold" Foreground="#FFFFFDFD" Text="Brrrr !!!" TextAlignment="Right" TextWrapping="Wrap" HorizontalAlignment="Left" VerticalAlignment="Top"/>
</Canvas>]]>
    </Marker>
  </Media>
</Medias>

