﻿<?xml version="1.0" encoding="utf-8" ?>
<Tracks>
  <ContentTrack Name="ClosedCaptions" Subtype="CAPT">
    <Event time="00:00:10"> 
        <![CDATA[<Caption Id="{DE90FACD-BC01-43f2-A4EC-6A01A49BAFBB}" 
        Action="ADD">
        Test Caption 1
      </Caption>]]> 
    </Event>
    <Event time="00:00:15"> 
        <![CDATA[<Caption Id="{DE90FACD-BC01-43f2-A4EC-6A01A49BAFBB}" 
        Action="REMOVE"/>]]> 
    </Event>
    <Event time="00:00:25"> 
        <![CDATA[<Caption Id="{8BA14F13-E7AE-4dd5-8277-9B6AA6D542FF}" 
        Action="ADD">
        Test Caption 2
      </Caption>]]>    
    </Event>
    <Event time="00:00:28"> 
        <![CDATA[ <Caption Id="{8BA14F13-E7AE-4dd5-8277-9B6AA6D542FF}" 
        Action="REMOVE"/> ]]> 
    </Event>
    <Event time="00:00:40"> 
        <![CDATA[<Caption Id="{27957BCD-8077-4683-9AEA-6709922516FA}" 
        Action="ADD">
        Test Caption 3
      </Caption>]]> 
    </Event>
    <Event time="00:00:45"> 
        <![CDATA[<Caption Id="{27957BCD-8077-4683-9AEA-6709922516FA}" 
        Action="REMOVE"/>]]> 
    </Event>
  </ContentTrack>

  <ContentTrack Name="Animations" Subtype="DATA">
    <Event time="00:00:12">
      <![CDATA[	<SceneAnimation Id="{9847CD8B-9A37-4db6-90D8-55CD352E488D}" 
      Action="ADD">
        <Grid xmlns="http://schemas.microsoft.com/winfx/2006/xaml/presentation" 
    xmlns:x="http://schemas.microsoft.com/winfx/2006/xaml" 
    HorizontalAlignment="Stretch" VerticalAlignment="Stretch">    
    <Grid.Resources>
      <Storyboard x:Name="SceneAnimation">
        <DoubleAnimationUsingKeyFrames BeginTime="00:00:00" 
        Storyboard.TargetName="ellipse" 
        Storyboard.TargetProperty=
  "(UIElement.RenderTransform).(TransformGroup.Children)[3].(TranslateTransform.X)">
          <EasingDoubleKeyFrame KeyTime="00:00:01" Value="219"/>
          <EasingDoubleKeyFrame KeyTime="00:00:02" Value="311"/>
          <EasingDoubleKeyFrame KeyTime="00:00:03" Value="559"/>
          <EasingDoubleKeyFrame KeyTime="00:00:04" Value="189"/>
          <EasingDoubleKeyFrame KeyTime="00:00:05" Value="0"/>
        </DoubleAnimationUsingKeyFrames>
        <DoubleAnimationUsingKeyFrames BeginTime="00:00:00" 
        Storyboard.TargetName="ellipse" 
        Storyboard.TargetProperty=
  "(UIElement.RenderTransform).(TransformGroup.Children)[3].(TranslateTransform.Y)">
          <EasingDoubleKeyFrame KeyTime="00:00:01" Value="312"/>
          <EasingDoubleKeyFrame KeyTime="00:00:02" Value="1"/>
          <EasingDoubleKeyFrame KeyTime="00:00:03" Value="220"/>
          <EasingDoubleKeyFrame KeyTime="00:00:04" Value="339"/>
          <EasingDoubleKeyFrame KeyTime="00:00:05" Value="1"/>
        </DoubleAnimationUsingKeyFrames>
        <DoubleAnimationUsingKeyFrames BeginTime="00:00:00" 
        Storyboard.TargetName="ellipse" 
        Storyboard.TargetProperty="(UIElement.Opacity)">
          <EasingDoubleKeyFrame KeyTime="00:00:05" Value="1"/>
          <EasingDoubleKeyFrame KeyTime="00:00:06" Value="0"/>
        </DoubleAnimationUsingKeyFrames>
      </Storyboard>
    </Grid.Resources>
		<Ellipse x:Name="ellipse" Height="66" HorizontalAlignment="Left" 
    Margin="1,1,0,0" VerticalAlignment="Top" Width="66"
    RenderTransformOrigin="0.5,0.5">
			<Ellipse.RenderTransform>
				<TransformGroup>
					<ScaleTransform/>
					<SkewTransform/>
					<RotateTransform/>
					<TranslateTransform/>
				</TransformGroup>
			</Ellipse.RenderTransform>
			<Ellipse.Effect>
				<DropShadowEffect BlurRadius="10" Direction="325" ShadowDepth="7"/>
			</Ellipse.Effect>
			<Ellipse.Fill>
				<LinearGradientBrush EndPoint="2.149,2.264" StartPoint="0.037,0.062">
					<GradientStop Color="Red" Offset="0"/>
					<GradientStop Color="Red" Offset="1"/>
					<GradientStop Color="#FF878686" Offset="0.492"/>
				</LinearGradientBrush>
			</Ellipse.Fill>
		</Ellipse>
	</Grid>
      </SceneAnimation>]]>
    </Event>
    <Event time="00:00:30">
      <![CDATA[	<SceneAnimation Id="{30A19C9E-C9E2-49d1-9FA8-A06D011087BF}" 
      Action="ADD">
      <Grid xmlns="http://schemas.microsoft.com/winfx/2006/xaml/presentation" 
    xmlns:x="http://schemas.microsoft.com/winfx/2006/xaml" 
    HorizontalAlignment="Stretch" VerticalAlignment="Stretch">
    <Grid.Resources>
      <Storyboard x:Name="SceneAnimation">
        <ColorAnimationUsingKeyFrames BeginTime="00:00:00" 
        Storyboard.TargetName="border" 
        Storyboard.TargetProperty="(Border.Background).(SolidColorBrush.Color)">
          <SplineColorKeyFrame KeyTime="00:00:00.5000000" Value="#FFFAFAFA"/>
          <EasingColorKeyFrame KeyTime="00:00:01" Value="Red"/>
          <EasingColorKeyFrame KeyTime="00:00:01.5000000" Value="#FFFCFCFC"/>
          <EasingColorKeyFrame KeyTime="00:00:02" Value="Red"/>
          <SplineColorKeyFrame KeyTime="00:00:02.5000000" Value="#FFFAFAFA"/>
          <EasingColorKeyFrame KeyTime="00:00:03" Value="Red"/>
          <EasingColorKeyFrame KeyTime="00:00:03.5000000" Value="#FFFCFCFC"/>
          <EasingColorKeyFrame KeyTime="00:00:04" Value="Red"/>
          <SplineColorKeyFrame KeyTime="00:00:04.5000000" Value="#FFFAFAFA"/>
          <EasingColorKeyFrame KeyTime="00:00:05" Value="Red"/>
          <EasingColorKeyFrame KeyTime="00:00:05.5000000" Value="#FFFCFCFC"/>
          <EasingColorKeyFrame KeyTime="00:00:06" Value="Red"/>
          <EasingColorKeyFrame KeyTime="00:00:06.5000000" Value="#FFFCFCFC"/>
          <EasingColorKeyFrame KeyTime="00:00:07" Value="Red"/>
          <EasingColorKeyFrame KeyTime="00:00:07.5000000" Value="#FFFCFCFC"/>
          <EasingColorKeyFrame KeyTime="00:00:08" Value="Red"/>
          <EasingColorKeyFrame KeyTime="00:00:08.5000000" Value="#FFFCFCFC"/>
        </ColorAnimationUsingKeyFrames>
        <ColorAnimationUsingKeyFrames BeginTime="00:00:00" 
        Storyboard.TargetName="textBlock" 
        Storyboard.TargetProperty="(TextBlock.Foreground).(SolidColorBrush.Color)">
          <EasingColorKeyFrame KeyTime="00:00:00.5000000" Value="Red"/>
          <EasingColorKeyFrame KeyTime="00:00:01" Value="Black"/>
          <EasingColorKeyFrame KeyTime="00:00:01.5000000" Value="Red"/>
          <EasingColorKeyFrame KeyTime="00:00:02" Value="Black"/>
          <EasingColorKeyFrame KeyTime="00:00:02.5000000" Value="Red"/>
          <EasingColorKeyFrame KeyTime="00:00:03" Value="Black"/>
          <EasingColorKeyFrame KeyTime="00:00:03.5000000" Value="Red"/>
          <EasingColorKeyFrame KeyTime="00:00:04" Value="Black"/>
          <EasingColorKeyFrame KeyTime="00:00:04.5000000" Value="Red"/>
          <EasingColorKeyFrame KeyTime="00:00:05" Value="Black"/>
          <EasingColorKeyFrame KeyTime="00:00:05.5000000" Value="Red"/>
          <EasingColorKeyFrame KeyTime="00:00:06" Value="Black"/>
          <EasingColorKeyFrame KeyTime="00:00:06.5000000" Value="Red"/>
          <EasingColorKeyFrame KeyTime="00:00:07" Value="Black"/>
          <EasingColorKeyFrame KeyTime="00:00:07.5000000" Value="Red"/>
          <EasingColorKeyFrame KeyTime="00:00:08" Value="Black"/>
          <EasingColorKeyFrame KeyTime="00:00:08.5000000" Value="Red"/>
        </ColorAnimationUsingKeyFrames>
      </Storyboard>
    </Grid.Resources>
		<Border x:Name="border" Height="51" VerticalAlignment="Bottom" 
    BorderBrush="Black" BorderThickness="1" Margin="0,0,0,26" Background="Red">
			<TextBlock x:Name="textBlock" Height="46" Margin="3"
      FontSize="26.667" Text="Alert: Storm Watch Next 24 Hours..." 
      TextWrapping="Wrap" FontWeight="Bold" Foreground="Black" 
      HorizontalAlignment="Center" VerticalAlignment="Center"/>
		</Border>
	</Grid>
      </SceneAnimation>]]>
    </Event>
  </ContentTrack>
  
  
</Tracks>
