<OutOfBrowserSettings ShortName="Offline NoteTaker" 
                      EnableGPUAcceleration="False" 
                      ShowInstallMenuItem="True">
  <OutOfBrowserSettings.Blurb>Offline NoteTaker on your desktop; 
  at home, at work or on the go.</OutOfBrowserSettings.Blurb>
  <OutOfBrowserSettings.WindowSettings>
    <WindowSettings Title="Offline NoteTaker" Height="595" Width="916" />
  </OutOfBrowserSettings.WindowSettings>
  <OutOfBrowserSettings.Icons>
    <Icon Size="16,16">appicons/Notetaker_16x16.png</Icon>
    <Icon Size="32,32">appicons/Notetaker_32x32.png</Icon>
    <Icon Size="48,48">appicons/Notetaker_48x48.png</Icon>
    <Icon Size="128,128">appicons/Notetaker_128x128.png</Icon>
  </OutOfBrowserSettings.Icons>
</OutOfBrowserSettings>