﻿<?xml version="1.0" encoding="utf-8" ?>
<Tracks> 
<ContentTrack Name="AdClips" Subtype="DATA">
  <!--<Event time="00:00:20">
    <![CDATA[<Clip Id="{89F92331-8501-41ac-B78A-F83F6DD4CB40}" 
    Uri="http://localhost/SmoothStreaming/Media/FighterPilot/FighterPilot.ism/manifest" 
    ClickThruUri="http://msdn.microsoft.com/en-us/robotics/default.aspx" Duration="00:00:20" />]]>
  </Event>-->
  <Event time="00:00:46">
    <![CDATA[<Clip Id="{3E5169F0-A08A-4c31-BBAD-5ED51C2BAD21}" 
    Uri="http://localhost/ProgDownload/Amazon_1080.wmv" 
    ClickThruUri="http://en.wikipedia.org/wiki/Amazon_Rainforest" Duration="00:00:10"/>]]>
  </Event>     
</ContentTrack>  
</Tracks>
