﻿<?xml version="1.0" encoding="utf-8" ?>
<Manifests>
  <Manifest RelativePath="en-US\CC.xml">
    <ContentTrack Name="ClosedCaptions" Subtype="CAPT" >
      <Event time="00:00:10">
        <![CDATA[<Caption Id="{DE90FACD-BC01-43f2-A4EC-6A01A49BAFBB}" 
        Action="ADD">
        Test Caption 1
      </Caption>]]>
      </Event>
      <Event time="00:00:15">
        <![CDATA[<Caption Id="{DE90FACD-BC01-43f2-A4EC-6A01A49BAFBB}" 
        Action="REMOVE"/>]]>
      </Event>
      <Event time="00:00:25">
        <![CDATA[<Caption Id="{8BA14F13-E7AE-4dd5-8277-9B6AA6D542FF}" 
        Action="ADD">
        Test Caption 2
      </Caption>]]>
      </Event>
      <Event time="00:00:28">
        <![CDATA[ <Caption Id="{8BA14F13-E7AE-4dd5-8277-9B6AA6D542FF}" 
        Action="REMOVE"/> ]]>
      </Event>
    </ContentTrack>
  </Manifest>
  <Manifest RelativePath="fr-FR\CC.xml">
    <ContentTrack Name="ClosedCaptions" Subtype="CAPT">
      <Event time="00:00:10">
        <![CDATA[<Caption Id="{DE90FACD-BC01-43f2-A4EC-6A01A49BAFBB}" 
        Action="ADD">
        Test de légende 1
      </Caption>]]>
      </Event>
      <Event time="00:00:15">
        <![CDATA[<Caption Id="{DE90FACD-BC01-43f2-A4EC-6A01A49BAFBB}" 
        Action="REMOVE"/>]]>
      </Event>
      <Event time="00:00:25">
        <![CDATA[<Caption Id="{8BA14F13-E7AE-4dd5-8277-9B6AA6D542FF}" 
        Action="ADD">
        Test de légende 2
      </Caption>]]>
      </Event>
      <Event time="00:00:28">
        <![CDATA[ <Caption Id="{8BA14F13-E7AE-4dd5-8277-9B6AA6D542FF}" 
        Action="REMOVE"/> ]]>
      </Event>
    </ContentTrack>
  </Manifest>

</Manifests>
