<OutOfBrowserSettings ShortName="6-9 Painting a Silverlight Element with HTML Application" EnableGPUAcceleration="True" ShowInstallMenuItem="True">
  <OutOfBrowserSettings.Blurb>6-9 Painting a Silverlight Element with HTML Application on your desktop; at home, at work or on the go.</OutOfBrowserSettings.Blurb>
  <OutOfBrowserSettings.WindowSettings>
    <WindowSettings Title="6-9 Painting a Silverlight Element with HTML Application" Height="300" Width="444" />
  </OutOfBrowserSettings.WindowSettings>
  <OutOfBrowserSettings.Icons>
    <Icon Size="16,16">16x16.png</Icon>
    <Icon Size="32,32">32x32.png</Icon>
    <Icon Size="48,48">48x48.png</Icon>
    <Icon Size="128,128">128x128.png</Icon>
  </OutOfBrowserSettings.Icons>
</OutOfBrowserSettings>